{
    "character_distribution": {
        " ": 0.17007178354500277,
        "&": 0.0005521811154058532,
        "'": 0.0005521811154058532,
        ",": 0.013252346769740474,
        "-": 0.0022087244616234127,
        ".": 0.009939260077305357,
        "0": 0.0005521811154058532,
        "1": 0.0005521811154058532,
        "3": 0.0005521811154058532,
        ";": 0.0005521811154058532,
        "A": 0.0016565433462175593,
        "B": 0.0016565433462175593,
        "C": 0.0005521811154058532,
        "D": 0.0016565433462175593,
        "E": 0.0027609055770292656,
        "F": 0.0005521811154058532,
        "G": 0.0005521811154058532,
        "H": 0.0011043622308117063,
        "I": 0.0011043622308117063,
        "J": 0.0005521811154058532,
        "L": 0.0011043622308117063,
        "M": 0.0027609055770292656,
        "N": 0.0005521811154058532,
        "O": 0.0005521811154058532,
        "R": 0.0016565433462175593,
        "S": 0.0016565433462175593,
        "T": 0.003865267807840972,
        "U": 0.0005521811154058532,
        "V": 0.0011043622308117063,
        "W": 0.0011043622308117063,
        "]": 0.0005521811154058532,
        "a": 0.05080066261733849,
        "b": 0.016565433462175594,
        "c": 0.025400331308669245,
        "d": 0.03699613473219216,
        "e": 0.10104914411927111,
        "f": 0.016565433462175594,
        "g": 0.008282716731087797,
        "h": 0.05080066261733849,
        "i": 0.04969630038652678,
        "j": 0.0011043622308117063,
        "k": 0.0033130866924351186,
        "l": 0.024295969077857537,
        "m": 0.012700165654334622,
        "n": 0.048591938155715074,
        "o": 0.05577029265599116,
        "p": 0.012147984538928768,
        "q": 0.0005521811154058532,
        "r": 0.048591938155715074,
        "s": 0.048039757040309224,
        "t": 0.08669243511871894,
        "u": 0.024295969077857537,
        "v": 0.005521811154058531,
        "w": 0.013804527885146328,
        "x": 0.0011043622308117063,
        "y": 0.013252346769740474,
        "z": 0.0005521811154058532,
        "\u00a9": 0.017117614577581448
    },
    "conditional": {
        " ": {
            "correct": 0.9415584415584416,
            "substitute": 0.05844155844155844,
            "delete": 0,
            "insert": 0
        },
        "&": {
            "correct": 0,
            "substitute": 1.0,
            "delete": 0,
            "insert": 0
        },
        "'": {
            "correct": 0,
            "substitute": 1.0,
            "delete": 0,
            "insert": 0
        },
        ",": {
            "correct": 0.7916666666666666,
            "substitute": 0.20833333333333334,
            "delete": 0,
            "insert": 0
        },
        "-": {
            "correct": 0,
            "substitute": 1.0,
            "delete": 0,
            "insert": 0
        },
        ".": {
            "correct": 0.8333333333333334,
            "substitute": 0.16666666666666666,
            "delete": 0,
            "insert": 0
        },
        "0": {
            "correct": 0,
            "substitute": 1.0,
            "delete": 0,
            "insert": 0
        },
        "1": {
            "correct": 0,
            "substitute": 1.0,
            "delete": 0,
            "insert": 0
        },
        "3": {
            "correct": 0,
            "substitute": 1.0,
            "delete": 0,
            "insert": 0
        },
        ";": {
            "correct": 1,
            "substitute": 0,
            "delete": 0,
            "insert": 0
        },
        "A": {
            "correct": 1,
            "substitute": 0,
            "delete": 0,
            "insert": 0
        },
        "B": {
            "correct": 0.6666666666666667,
            "substitute": 0.3333333333333333,
            "delete": 0,
            "insert": 0
        },
        "C": {
            "correct": 1,
            "substitute": 0,
            "delete": 0,
            "insert": 0
        },
        "D": {
            "correct": 1,
            "substitute": 0,
            "delete": 0,
            "insert": 0
        },
        "E": {
            "correct": 0.8,
            "substitute": 0.2,
            "delete": 0,
            "insert": 0
        },
        "F": {
            "correct": 1,
            "substitute": 0,
            "delete": 0,
            "insert": 0
        },
        "G": {
            "correct": 1,
            "substitute": 0,
            "delete": 0,
            "insert": 0
        },
        "H": {
            "correct": 1,
            "substitute": 0,
            "delete": 0,
            "insert": 0
        },
        "I": {
            "correct": 1,
            "substitute": 0,
            "delete": 0,
            "insert": 0
        },
        "J": {
            "correct": 0,
            "substitute": 1.0,
            "delete": 0,
            "insert": 0
        },
        "L": {
            "correct": 1,
            "substitute": 0,
            "delete": 0,
            "insert": 0
        },
        "M": {
            "correct": 1,
            "substitute": 0,
            "delete": 0,
            "insert": 0
        },
        "N": {
            "correct": 1,
            "substitute": 0,
            "delete": 0,
            "insert": 0
        },
        "O": {
            "correct": 0,
            "substitute": 1.0,
            "delete": 0,
            "insert": 0
        },
        "R": {
            "correct": 1,
            "substitute": 0,
            "delete": 0,
            "insert": 0
        },
        "S": {
            "correct": 1,
            "substitute": 0,
            "delete": 0,
            "insert": 0
        },
        "T": {
            "correct": 1,
            "substitute": 0,
            "delete": 0,
            "insert": 0
        },
        "U": {
            "correct": 1,
            "substitute": 0,
            "delete": 0,
            "insert": 0
        },
        "V": {
            "correct": 0,
            "substitute": 1.0,
            "delete": 0,
            "insert": 0
        },
        "W": {
            "correct": 1,
            "substitute": 0,
            "delete": 0,
            "insert": 0
        },
        "]": {
            "correct": 0,
            "substitute": 1.0,
            "delete": 0,
            "insert": 0
        },
        "a": {
            "correct": 0.9347826086956522,
            "substitute": 0.06521739130434782,
            "delete": 0,
            "insert": 0
        },
        "b": {
            "correct": 0.8666666666666667,
            "substitute": 0.13333333333333333,
            "delete": 0,
            "insert": 0
        },
        "c": {
            "correct": 0.9782608695652174,
            "substitute": 0.021739130434782608,
            "delete": 0,
            "insert": 0
        },
        "d": {
            "correct": 0.9253731343283582,
            "substitute": 0.07462686567164178,
            "delete": 0,
            "insert": 0
        },
        "e": {
            "correct": 0.9562841530054644,
            "substitute": 0.04371584699453552,
            "delete": 0,
            "insert": 0
        },
        "f": {
            "correct": 1,
            "substitute": 0,
            "delete": 0,
            "insert": 0
        },
        "g": {
            "correct": 1,
            "substitute": 0,
            "delete": 0,
            "insert": 0
        },
        "h": {
            "correct": 0.9782608695652174,
            "substitute": 0.021739130434782608,
            "delete": 0,
            "insert": 0
        },
        "i": {
            "correct": 0.9111111111111111,
            "substitute": 0.08888888888888889,
            "delete": 0,
            "insert": 0
        },
        "j": {
            "correct": 1,
            "substitute": 0,
            "delete": 0,
            "insert": 0
        },
        "k": {
            "correct": 1,
            "substitute": 0,
            "delete": 0,
            "insert": 0
        },